{"cameraMode":{"drawMode":0,"name":"Shaded","section":"Shading Mode"},"sceneLighting":true,"audioPlay":false,"sceneViewState":{"showFog":true,"showMaterialUpdate":false,"showSkybox":true,"showFlares":true,"showImageEffects":true,"showParticleSystems":true},"in2DMode":false,"pivot":{"x":-13.084622383117676,"y":13.339420318603516,"z":-15.613611221313477},"rotation":{"x":0.008012968115508557,"y":0.9910410642623901,"z":0.06998435407876969,"w":-0.1134709045290947},"size":13.57311725616455,"orthographic":true}